채널 ID,채널 URL,채널 제목
UC-Jp4WHCXhxvWQ5Ab4JibJQ,http://www.youtube.com/channel/UC-Jp4WHCXhxvWQ5Ab4JibJQ,벙구
UC46ZZ-UfSu_730xbXp3KWsQ,http://www.youtube.com/channel/UC46ZZ-UfSu_730xbXp3KWsQ,이홍빈
UCCXeZkv4-v2TlH_J49I_icw,http://www.youtube.com/channel/UCCXeZkv4-v2TlH_J49I_icw,휴복
UCLIXIGgKraFxoU33arhDVTw,http://www.youtube.com/channel/UCLIXIGgKraFxoU33arhDVTw,코리너즈Koreigners
UCSLrpBAzr-ROVGHQ5EmxnUg,http://www.youtube.com/channel/UCSLrpBAzr-ROVGHQ5EmxnUg,코딩애플
UCXq_W5S_8RnHjc29Hd84HOA,http://www.youtube.com/channel/UCXq_W5S_8RnHjc29Hd84HOA,Cobblemon
UC_D4JJZEj0KXAf3rzKVilGQ,http://www.youtube.com/channel/UC_D4JJZEj0KXAf3rzKVilGQ,마소의 마크일기
UChmv_s62bxgeR2vNw3QyE9g,http://www.youtube.com/channel/UChmv_s62bxgeR2vNw3QyE9g,Sechya
UCjH375I1LfKUe7JXeH6IzjQ,http://www.youtube.com/channel/UCjH375I1LfKUe7JXeH6IzjQ,달이쌤
UCtl1BsH_JKGYspPxUx8zRvw,http://www.youtube.com/channel/UCtl1BsH_JKGYspPxUx8zRvw,콩비니TV





